City,Country
Albertville,France
Amsterdam,Netherlands
Antwerpen,Belgium
Athina,Greece
Atlanta,United States
Barcelona,Spain
Beijing,China
Berlin,Germany
Calgary,Canada
Chamonix,France
Cortina d'Ampezzo,Italy
Garmisch-Partenkirchen,Germany
Grenoble,France
Helsinki,Finland
Innsbruck,Austria
Lake Placid,United States
Lillehammer,Norway
London,United Kingdom
Los Angeles,United States
Melbourne,Australia
Stockholm,Sweden
Mexico City,Mexico
Montreal,Canada
Moskva,Russia
Munich,Germany
Nagano,Japan
Oslo,Norway
Paris,France
Pyeongchang,South Korea
Rio de Janeiro,Brazil
Roma,Italy
Salt Lake City,United States
Sapporo,Japan
"Sapporo
 Garmisch-Partenkirchen",Japan
Sarajevo,Yugoslavia
Seoul,South Korea
Sochi,Russia
Squaw Valley,United States
St. Louis,United States
Sankt Moritz,Switzerland
Sydney,Australia
TBD,TBD
Tokyo,Japan
"Tokyo
 Helsinki",Japan
Torino,Italy
Vancouver,Canada
,
,
,
,
,
,
,
,
,
,
,
,
,
,
,
,
,
,
www.downloadexcelfiles.com,